id,contract_id,party_id,created_at,updated_at
1,1,121,2025-10-16 02:03:37 UTC,2025-10-31 09:07:10 UTC
2,2,161,2025-02-17 11:26:44 UTC,2025-06-11 20:43:01 UTC
3,3,157,2025-03-28 15:35:09 UTC,2025-07-12 11:44:24 UTC
4,4,167,2025-10-08 16:33:20 UTC,2025-11-02 10:12:03 UTC
5,5,190,2025-03-08 17:13:48 UTC,2025-11-11 13:32:53 UTC
6,6,194,2025-07-04 22:11:57 UTC,2025-12-26 16:29:20 UTC
7,7,198,2025-12-25 01:12:20 UTC,2025-12-27 07:11:29 UTC
8,8,109,2025-12-27 11:26:42 UTC,2025-12-30 05:34:01 UTC
9,9,151,2025-11-15 19:05:52 UTC,2025-12-11 20:24:09 UTC
10,10,176,2025-06-12 05:13:51 UTC,2025-07-23 14:46:40 UTC
11,11,182,2025-12-26 05:56:11 UTC,2025-12-28 22:44:31 UTC
12,12,200,2025-02-21 21:37:12 UTC,2025-08-21 19:57:57 UTC
13,13,180,2025-04-25 19:35:14 UTC,2025-10-07 17:47:08 UTC
14,14,152,2025-06-14 04:58:49 UTC,2025-11-10 23:56:45 UTC
15,15,178,2025-08-16 19:10:38 UTC,2025-09-14 09:39:48 UTC
16,16,149,2025-05-30 12:05:27 UTC,2025-09-22 08:34:42 UTC
17,17,185,2025-11-24 11:36:55 UTC,2025-12-20 04:12:52 UTC
18,18,114,2025-03-06 18:06:47 UTC,2025-11-10 10:11:46 UTC
19,19,123,2025-04-20 06:17:23 UTC,2025-10-18 10:22:50 UTC
20,20,181,2025-12-27 22:51:41 UTC,2025-12-30 03:31:42 UTC
21,21,174,2025-09-22 06:38:21 UTC,2025-12-07 06:12:34 UTC
22,22,172,2025-08-15 08:05:19 UTC,2025-10-13 04:21:29 UTC
23,23,153,2025-08-29 23:05:31 UTC,2025-12-23 05:38:26 UTC
24,24,106,2025-11-15 19:16:20 UTC,2025-12-04 05:52:37 UTC
25,25,165,2025-02-18 00:46:30 UTC,2025-10-28 10:50:31 UTC
26,26,155,2025-01-21 09:08:30 UTC,2025-09-23 10:40:59 UTC
27,27,170,2025-08-31 17:32:34 UTC,2025-11-15 12:50:44 UTC
28,28,144,2025-12-02 17:19:43 UTC,2025-12-17 13:09:31 UTC
29,29,136,2025-11-15 01:23:13 UTC,2025-11-20 04:34:41 UTC
30,30,130,2025-04-07 07:51:37 UTC,2025-08-27 07:12:46 UTC
31,31,183,2025-06-11 23:52:50 UTC,2025-10-28 06:14:52 UTC
32,32,170,2025-07-27 08:18:14 UTC,2025-09-29 02:59:43 UTC
33,33,112,2025-01-12 13:19:51 UTC,2025-01-19 19:53:26 UTC
34,34,140,2025-07-25 17:16:52 UTC,2025-08-10 22:33:31 UTC
35,35,186,2025-12-19 13:15:56 UTC,2025-12-29 17:45:21 UTC
36,36,140,2025-03-16 13:56:47 UTC,2025-10-19 07:41:31 UTC
37,37,161,2025-06-15 20:40:19 UTC,2025-07-30 05:45:49 UTC
38,38,145,2025-06-12 22:31:47 UTC,2025-07-27 19:29:56 UTC
39,39,153,2025-07-15 12:08:36 UTC,2025-10-08 07:54:22 UTC
40,40,153,2025-03-15 16:08:12 UTC,2025-04-26 15:51:55 UTC
41,41,189,2025-06-05 13:56:58 UTC,2025-07-26 14:51:50 UTC
42,42,189,2025-09-25 15:59:26 UTC,2025-10-25 03:07:27 UTC
43,43,102,2025-12-05 00:19:28 UTC,2025-12-15 22:45:37 UTC
44,44,101,2025-02-01 21:50:40 UTC,2025-06-06 16:35:13 UTC
45,45,143,2025-07-05 12:46:05 UTC,2025-07-28 07:32:02 UTC
46,46,199,2025-10-25 10:12:12 UTC,2025-10-28 15:09:43 UTC
47,47,108,2025-02-05 20:03:23 UTC,2025-07-26 22:50:05 UTC
48,48,176,2025-05-18 05:16:14 UTC,2025-08-16 04:03:14 UTC
49,49,175,2025-11-26 08:57:21 UTC,2025-11-28 00:53:02 UTC
50,50,170,2025-06-24 15:34:31 UTC,2025-10-05 05:34:52 UTC
51,51,160,2025-12-13 04:15:04 UTC,2025-12-30 04:26:36 UTC
52,52,157,2025-05-14 04:08:21 UTC,2025-08-14 06:50:15 UTC
53,53,163,2025-06-21 19:12:40 UTC,2025-10-02 09:00:08 UTC
54,54,113,2025-10-01 22:44:01 UTC,2025-10-03 05:16:20 UTC
55,55,153,2025-11-25 14:44:54 UTC,2025-12-18 15:57:47 UTC
56,56,108,2025-11-09 05:46:33 UTC,2025-12-02 12:17:43 UTC
57,57,159,2025-05-29 22:25:16 UTC,2025-10-01 22:10:59 UTC
58,58,192,2025-06-10 10:51:56 UTC,2025-11-25 14:33:00 UTC
59,59,147,2025-03-30 17:59:20 UTC,2025-04-19 10:39:26 UTC
60,60,156,2025-05-18 13:26:31 UTC,2025-07-07 13:41:58 UTC
61,61,148,2025-05-07 22:12:15 UTC,2025-12-22 17:27:22 UTC
62,62,115,2025-04-16 13:56:54 UTC,2025-09-21 20:08:51 UTC
63,63,104,2025-08-03 22:23:23 UTC,2025-11-08 20:50:13 UTC
64,64,159,2025-04-02 21:04:33 UTC,2025-10-29 07:50:59 UTC
65,65,125,2025-10-15 09:44:36 UTC,2025-11-30 08:58:35 UTC
66,66,178,2025-06-10 13:41:03 UTC,2025-11-12 11:34:03 UTC
67,67,190,2025-10-25 15:15:40 UTC,2025-11-10 05:00:36 UTC
68,68,127,2025-01-19 07:35:29 UTC,2025-09-29 07:33:20 UTC
69,69,195,2025-06-22 18:29:12 UTC,2025-08-21 14:45:27 UTC
70,70,196,2025-05-08 17:52:41 UTC,2025-11-18 11:14:08 UTC
71,71,132,2025-02-26 04:51:53 UTC,2025-05-14 14:44:40 UTC
72,72,199,2025-06-12 04:41:12 UTC,2025-12-29 06:12:45 UTC
73,73,173,2025-12-16 20:56:49 UTC,2025-12-29 15:12:37 UTC
74,74,149,2025-03-26 13:40:04 UTC,2025-11-19 15:08:05 UTC
75,75,133,2025-08-28 13:25:32 UTC,2025-11-18 00:33:24 UTC
76,76,150,2025-11-10 15:44:00 UTC,2025-12-14 18:05:05 UTC
77,77,154,2025-08-29 11:04:46 UTC,2025-09-30 11:44:30 UTC
78,78,154,2025-05-31 22:09:30 UTC,2025-09-24 19:00:18 UTC
79,79,176,2025-09-05 14:03:41 UTC,2025-12-03 02:08:23 UTC
80,80,194,2025-06-29 22:01:05 UTC,2025-08-02 10:34:42 UTC
81,81,140,2025-10-23 16:46:45 UTC,2025-11-12 11:37:51 UTC
82,82,127,2025-06-07 03:05:58 UTC,2025-10-03 08:11:41 UTC
83,83,133,2025-03-01 05:59:10 UTC,2025-09-03 00:39:10 UTC
84,84,191,2025-09-02 21:04:06 UTC,2025-09-09 17:11:09 UTC
85,85,177,2025-04-05 15:16:05 UTC,2025-07-18 01:02:03 UTC
86,86,102,2025-11-20 21:31:43 UTC,2025-12-13 21:33:51 UTC
87,87,185,2025-11-24 11:36:19 UTC,2025-12-16 15:12:12 UTC
88,88,183,2025-04-09 03:16:25 UTC,2025-10-22 04:47:51 UTC
89,89,150,2025-12-31 21:02:51 UTC,2026-01-02 05:59:56 UTC
90,90,117,2025-10-13 03:36:33 UTC,2025-11-27 23:55:11 UTC
91,91,127,2025-12-19 06:53:36 UTC,2025-12-31 01:48:35 UTC
92,92,153,2025-11-28 05:53:56 UTC,2025-12-27 04:57:43 UTC
93,93,103,2025-05-21 09:08:17 UTC,2025-12-24 12:14:32 UTC
94,94,101,2025-08-20 10:44:22 UTC,2025-10-31 00:04:53 UTC
95,95,106,2025-08-03 01:11:11 UTC,2025-08-14 08:22:01 UTC
96,96,178,2025-01-01 05:16:36 UTC,2025-02-15 12:36:23 UTC
97,97,166,2025-11-25 14:23:54 UTC,2025-12-23 01:53:51 UTC
98,98,114,2025-02-21 23:23:06 UTC,2025-06-26 10:52:47 UTC
99,99,111,2025-11-17 06:31:54 UTC,2025-11-30 01:55:22 UTC
100,100,131,2025-12-27 17:41:20 UTC,2025-12-31 15:55:41 UTC